StudentID,Subject,Marks
S0001,Operating Systems,40.9
S0001,DBMS,40.1
S0001,DSA,29.5
S0002,Operating Systems,37.7
S0002,DSA,40.1
S0002,DBMS,48.5
S0002,Cloud Computing,51.2
S0003,Cloud Computing,45.0
S0003,Networks,46.2
S0003,Operating Systems,52.2
S0003,DBMS,55.5
S0004,DSA,59.9
S0004,Operating Systems,58.0
S0004,DBMS,53.1
S0005,Networks,46.7
S0005,DBMS,38.0
S0005,DSA,44.2
S0006,DBMS,38.1
S0006,Cloud Computing,38.9
S0006,Operating Systems,53.1
S0006,Networks,40.8
S0007,Operating Systems,33.1
S0007,DBMS,41.0
S0007,Networks,63.5
S0008,Networks,48.3
S0008,Operating Systems,62.6
S0008,DBMS,64.5
S0008,DSA,72.1
S0009,DSA,73.3
S0009,Networks,47.3
S0009,Operating Systems,51.3
S0010,DSA,71.8
S0010,Networks,61.7
S0010,Operating Systems,48.3
S0010,DBMS,46.9
S0011,DSA,53.8
S0011,Cloud Computing,52.6
S0011,Networks,56.5
S0011,Operating Systems,52.7
S0012,Operating Systems,63.6
S0012,DBMS,62.6
S0012,Networks,51.2
S0012,DSA,53.6
S0012,Cloud Computing,57.2
S0013,DSA,48.5
S0013,DBMS,47.2
S0013,Networks,49.2
S0014,Operating Systems,51.9
S0014,Networks,39.2
S0014,DSA,56.6
S0014,DBMS,44.0
S0014,Cloud Computing,46.8
S0015,Cloud Computing,53.6
S0015,DBMS,38.5
S0015,DSA,52.0
S0016,Operating Systems,30.5
S0016,DSA,36.1
S0016,DBMS,51.6
S0016,Cloud Computing,45.9
S0016,Networks,49.6
S0017,Operating Systems,42.5
S0017,DSA,48.5
S0017,DBMS,48.8
S0018,DSA,25.1
S0018,Cloud Computing,36.4
S0018,DBMS,56.7
S0019,DBMS,42.5
S0019,DSA,55.4
S0019,Networks,47.3
S0020,Operating Systems,36.2
S0020,Cloud Computing,35.6
S0020,DBMS,50.8
S0020,DSA,28.2
S0021,Cloud Computing,54.8
S0021,DBMS,55.7
S0021,DSA,49.7
S0021,Networks,52.5
S0022,DBMS,38.9
S0022,Operating Systems,52.9
S0022,DSA,45.9
S0022,Cloud Computing,55.5
S0023,Operating Systems,27.7
S0023,Networks,41.7
S0023,DBMS,44.0
S0024,Cloud Computing,41.8
S0024,Networks,45.5
S0024,DSA,39.7
S0024,Operating Systems,58.5
S0024,DBMS,47.3
S0025,DSA,52.2
S0025,Operating Systems,67.5
S0025,Networks,59.5
S0025,DBMS,66.1
S0025,Cloud Computing,62.2
S0026,Networks,47.0
S0026,Cloud Computing,44.5
S0026,DSA,39.3
S0026,Operating Systems,48.8
S0027,Networks,44.3
S0027,Operating Systems,43.7
S0027,DBMS,39.7
S0028,Networks,48.4
S0028,DBMS,36.9
S0028,DSA,43.5
S0028,Cloud Computing,47.4
S0029,DSA,29.6
S0029,Cloud Computing,51.4
S0029,DBMS,59.8
S0030,Operating Systems,54.3
S0030,Networks,46.9
S0030,DSA,37.8
S0030,DBMS,50.0
S0030,Cloud Computing,57.3
S0031,DSA,30.0
S0031,Cloud Computing,32.3
S0031,DBMS,46.7
S0032,Operating Systems,61.2
S0032,Cloud Computing,63.1
S0032,DSA,49.4
S0032,Networks,63.1
S0032,DBMS,35.2
S0033,Operating Systems,49.9
S0033,DBMS,79.6
S0033,Networks,54.3
S0033,Cloud Computing,51.4
S0033,DSA,65.4
S0034,Cloud Computing,67.9
S0034,DBMS,59.0
S0034,Networks,54.3
S0034,Operating Systems,59.2
S0035,DBMS,53.6
S0035,Cloud Computing,51.4
S0035,DSA,58.7
S0036,DSA,57.9
S0036,Networks,41.0
S0036,Operating Systems,54.5
S0036,DBMS,50.4
S0037,Operating Systems,61.9
S0037,Cloud Computing,37.4
S0037,DBMS,61.9
S0038,DBMS,59.2
S0038,DSA,56.3
S0038,Cloud Computing,51.2
S0039,DSA,57.2
S0039,Operating Systems,66.4
S0039,DBMS,39.4
S0039,Networks,54.0
S0039,Cloud Computing,47.3
S0040,Operating Systems,55.4
S0040,Networks,54.3
S0040,DBMS,29.0
S0040,Cloud Computing,62.3
S0041,DSA,71.5
S0041,Cloud Computing,63.0
S0041,Networks,52.7
S0041,DBMS,47.9
S0041,Operating Systems,46.6
S0042,Networks,59.5
S0042,DBMS,53.8
S0042,DSA,28.6
S0042,Operating Systems,49.4
S0042,Cloud Computing,56.8
S0043,Cloud Computing,37.3
S0043,DBMS,60.2
S0043,Operating Systems,36.5
S0044,DBMS,46.8
S0044,DSA,35.3
S0044,Cloud Computing,39.2
S0044,Networks,56.6
S0044,Operating Systems,32.0
S0045,DSA,48.2
S0045,DBMS,18.6
S0045,Operating Systems,41.8
S0045,Cloud Computing,30.3
S0046,Networks,31.0
S0046,Operating Systems,48.5
S0046,Cloud Computing,40.1
S0047,DBMS,53.2
S0047,Operating Systems,62.9
S0047,Cloud Computing,42.6
S0047,DSA,51.1
S0048,DBMS,32.5
S0048,Operating Systems,49.9
S0048,Cloud Computing,51.2
S0048,DSA,37.6
S0049,DBMS,45.8
S0049,Networks,19.4
S0049,Operating Systems,20.2
S0049,DSA,41.4
S0050,Operating Systems,39.9
S0050,DSA,51.2
S0050,DBMS,39.9
S0050,Networks,49.9
S0050,Cloud Computing,53.6
S0051,Cloud Computing,52.2
S0051,DSA,39.2
S0051,Networks,28.2
S0051,Operating Systems,58.7
S0052,Operating Systems,30.3
S0052,Networks,41.7
S0052,Cloud Computing,22.3
S0053,DSA,50.5
S0053,Networks,64.3
S0053,Cloud Computing,51.5
S0054,DBMS,19.8
S0054,Operating Systems,32.0
S0054,Cloud Computing,55.8
S0054,DSA,57.6
S0054,Networks,37.9
S0055,Networks,35.4
S0055,Operating Systems,51.2
S0055,DBMS,53.4
S0055,DSA,43.9
S0056,Cloud Computing,48.1
S0056,DBMS,54.6
S0056,Networks,61.6
S0056,Operating Systems,56.0
S0057,DSA,58.3
S0057,Operating Systems,33.2
S0057,Networks,33.4
S0058,Cloud Computing,49.7
S0058,Operating Systems,62.1
S0058,DSA,62.1
S0058,Networks,42.3
S0059,DBMS,39.5
S0059,Cloud Computing,47.4
S0059,Operating Systems,45.2
S0059,Networks,28.4
S0059,DSA,26.5
S0060,Cloud Computing,47.5
S0060,Networks,38.0
S0060,DBMS,60.1
S0060,DSA,56.0
S0061,Operating Systems,43.7
S0061,Networks,47.5
S0061,DSA,49.3
S0062,DBMS,42.8
S0062,DSA,51.1
S0062,Cloud Computing,33.3
S0062,Operating Systems,62.8
S0063,Cloud Computing,41.2
S0063,Operating Systems,33.0
S0063,DBMS,60.0
S0064,Networks,45.1
S0064,Operating Systems,47.9
S0064,Cloud Computing,56.4
S0065,Cloud Computing,38.6
S0065,DSA,58.0
S0065,Networks,68.8
S0065,Operating Systems,66.0
S0066,Operating Systems,48.4
S0066,DSA,54.5
S0066,DBMS,31.3
S0067,DSA,53.8
S0067,Networks,49.6
S0067,Operating Systems,52.9
S0068,DBMS,65.2
S0068,Networks,29.9
S0068,Cloud Computing,50.5
S0068,DSA,53.1
S0069,Cloud Computing,39.6
S0069,DSA,54.0
S0069,Networks,45.5
S0069,DBMS,53.0
S0069,Operating Systems,36.9
S0070,DSA,52.6
S0070,Cloud Computing,51.1
S0070,Operating Systems,38.0
S0071,DSA,51.3
S0071,Operating Systems,54.8
S0071,Networks,48.3
S0071,Cloud Computing,53.5
S0071,DBMS,34.9
S0072,DBMS,71.9
S0072,Networks,53.6
S0072,Operating Systems,67.0
S0072,DSA,51.7
S0072,Cloud Computing,55.3
S0073,Cloud Computing,65.0
S0073,DBMS,58.8
S0073,Networks,45.5
S0074,Operating Systems,49.4
S0074,Networks,52.8
S0074,DBMS,70.2
S0075,Operating Systems,35.0
S0075,DSA,29.0
S0075,DBMS,30.8
S0076,DSA,39.3
S0076,Cloud Computing,46.3
S0076,Operating Systems,49.7
S0076,DBMS,54.0
S0076,Networks,58.6
S0077,DBMS,46.6
S0077,Cloud Computing,46.4
S0077,Networks,31.0
S0077,DSA,31.4
S0078,Cloud Computing,57.3
S0078,Networks,67.2
S0078,Operating Systems,34.6
S0079,DSA,65.4
S0079,Cloud Computing,35.2
S0079,Networks,73.7
S0079,DBMS,41.3
S0080,Operating Systems,36.3
S0080,DBMS,53.0
S0080,Cloud Computing,43.5
S0080,Networks,55.9
S0080,DSA,64.0
S0081,Operating Systems,27.0
S0081,Cloud Computing,28.7
S0081,DBMS,27.6
S0081,DSA,31.0
S0082,Cloud Computing,41.7
S0082,DBMS,45.2
S0082,DSA,48.8
S0083,Cloud Computing,32.2
S0083,DSA,34.9
S0083,DBMS,57.1
S0084,DBMS,47.4
S0084,Cloud Computing,45.9
S0084,Networks,60.8
S0084,DSA,46.3
S0084,Operating Systems,43.3
S0085,Cloud Computing,42.4
S0085,DSA,64.5
S0085,Operating Systems,59.2
S0086,Operating Systems,75.2
S0086,DSA,70.2
S0086,Networks,37.1
S0087,DBMS,44.6
S0087,DSA,62.9
S0087,Operating Systems,39.6
S0087,Cloud Computing,58.6
S0087,Networks,64.3
S0088,DBMS,41.9
S0088,Networks,53.9
S0088,DSA,43.1
S0089,Cloud Computing,58.1
S0089,DSA,57.0
S0089,Operating Systems,66.3
S0089,Networks,48.5
S0089,DBMS,37.2
S0090,Cloud Computing,50.3
S0090,Networks,27.6
S0090,Operating Systems,47.0
S0091,Networks,50.9
S0091,DBMS,59.6
S0091,Cloud Computing,55.7
S0091,Operating Systems,39.8
S0092,DBMS,62.1
S0092,Networks,62.8
S0092,Cloud Computing,69.0
S0093,Operating Systems,32.8
S0093,Cloud Computing,57.2
S0093,DBMS,44.4
S0093,DSA,36.1
S0094,Operating Systems,58.7
S0094,DSA,63.9
S0094,Cloud Computing,50.9
S0094,DBMS,60.9
S0094,Networks,48.3
S0095,Cloud Computing,28.2
S0095,Operating Systems,49.6
S0095,DSA,61.9
S0096,DBMS,50.4
S0096,Cloud Computing,35.5
S0096,Networks,63.6
S0096,Operating Systems,32.8
S0096,DSA,56.3
S0097,DSA,48.0
S0097,Operating Systems,47.5
S0097,Cloud Computing,39.0
S0098,Cloud Computing,49.3
S0098,Networks,48.8
S0098,Operating Systems,40.3
S0098,DBMS,48.7
S0099,DSA,61.9
S0099,Operating Systems,55.2
S0099,Cloud Computing,60.8
S0099,DBMS,45.0
S0100,Cloud Computing,42.7
S0100,Networks,64.9
S0100,DBMS,32.4
S0100,Operating Systems,37.3
S0101,DBMS,45.9
S0101,Cloud Computing,71.1
S0101,DSA,63.8
S0101,Operating Systems,56.1
S0102,DBMS,29.9
S0102,Operating Systems,34.7
S0102,Cloud Computing,34.1
S0102,DSA,49.2
S0103,Networks,33.4
S0103,DSA,24.0
S0103,Operating Systems,43.0
S0103,DBMS,52.0
S0103,Cloud Computing,30.0
S0104,Cloud Computing,48.7
S0104,Operating Systems,41.9
S0104,Networks,38.1
S0104,DBMS,24.6
S0105,DBMS,46.5
S0105,DSA,34.2
S0105,Cloud Computing,55.8
S0106,Operating Systems,43.8
S0106,DSA,66.6
S0106,Cloud Computing,50.1
S0106,DBMS,52.2
S0107,Operating Systems,66.2
S0107,Networks,57.1
S0107,DBMS,44.2
S0107,Cloud Computing,61.0
S0108,Cloud Computing,46.1
S0108,DSA,55.9
S0108,Operating Systems,40.2
S0109,Operating Systems,51.9
S0109,Networks,62.8
S0109,DSA,48.6
S0110,Operating Systems,52.1
S0110,DSA,66.3
S0110,Cloud Computing,36.4
S0111,Networks,56.4
S0111,DBMS,28.8
S0111,Cloud Computing,30.6
S0111,Operating Systems,29.9
S0111,DSA,21.7
S0112,Operating Systems,26.5
S0112,DBMS,40.4
S0112,DSA,32.9
S0113,Cloud Computing,57.2
S0113,Networks,46.1
S0113,DBMS,60.4
S0113,DSA,24.5
S0113,Operating Systems,51.2
S0114,Networks,41.9
S0114,Operating Systems,55.5
S0114,Cloud Computing,60.9
S0114,DBMS,69.6
S0114,DSA,68.6
S0115,Cloud Computing,51.7
S0115,DSA,62.7
S0115,Operating Systems,60.4
S0115,DBMS,57.8
S0115,Networks,48.2
S0116,DBMS,65.3
S0116,Operating Systems,47.4
S0116,Cloud Computing,44.3
S0116,Networks,59.2
S0117,DSA,38.4
S0117,Cloud Computing,54.7
S0117,DBMS,55.4
S0117,Networks,48.9
S0118,DBMS,46.5
S0118,DSA,58.2
S0118,Operating Systems,41.3
S0119,Networks,43.7
S0119,Cloud Computing,62.6
S0119,Operating Systems,59.4
S0119,DBMS,60.1
S0120,Cloud Computing,61.0
S0120,DBMS,52.5
S0120,Networks,63.5
S0120,Operating Systems,55.7
S0121,Cloud Computing,31.7
S0121,DBMS,37.9
S0121,Networks,53.9
S0121,DSA,44.8
S0121,Operating Systems,32.5
S0122,Networks,58.5
S0122,Operating Systems,45.9
S0122,DSA,53.2
S0122,Cloud Computing,52.1
S0123,Networks,56.7
S0123,DSA,38.9
S0123,DBMS,56.4
S0123,Cloud Computing,31.5
S0124,Operating Systems,47.0
S0124,Cloud Computing,43.9
S0124,Networks,26.8
S0125,DBMS,60.1
S0125,Networks,56.3
S0125,Operating Systems,68.0
S0126,Cloud Computing,33.9
S0126,Operating Systems,45.1
S0126,Networks,58.8
S0126,DSA,48.3
S0126,DBMS,48.1
S0127,Operating Systems,40.7
S0127,Networks,47.1
S0127,DBMS,52.9
S0127,DSA,58.1
S0128,Networks,54.7
S0128,Cloud Computing,55.6
S0128,Operating Systems,47.0
S0128,DBMS,58.3
S0129,Cloud Computing,63.8
S0129,DSA,45.1
S0129,DBMS,58.0
S0129,Operating Systems,65.4
S0130,DBMS,62.2
S0130,Networks,57.8
S0130,DSA,57.7
S0130,Cloud Computing,51.1
S0131,DSA,69.3
S0131,DBMS,39.1
S0131,Networks,44.0
S0131,Cloud Computing,43.1
S0131,Operating Systems,27.7
S0132,Networks,63.6
S0132,DBMS,54.1
S0132,Operating Systems,49.5
S0132,Cloud Computing,60.5
S0132,DSA,60.2
S0133,DBMS,58.6
S0133,DSA,58.1
S0133,Cloud Computing,53.1
S0133,Networks,66.1
S0133,Operating Systems,68.5
S0134,Cloud Computing,54.8
S0134,DBMS,42.3
S0134,Operating Systems,56.4
S0134,Networks,43.0
S0135,Networks,46.2
S0135,DSA,59.0
S0135,DBMS,49.1
S0135,Cloud Computing,63.6
S0136,Operating Systems,35.3
S0136,DBMS,53.1
S0136,DSA,48.8
S0137,Cloud Computing,41.7
S0137,DBMS,67.0
S0137,Networks,59.4
S0137,DSA,66.9
S0138,DSA,43.2
S0138,DBMS,47.0
S0138,Cloud Computing,33.4
S0139,Cloud Computing,59.6
S0139,Networks,41.4
S0139,DBMS,59.8
S0139,DSA,51.7
S0139,Operating Systems,59.7
S0140,DBMS,50.0
S0140,Operating Systems,50.0
S0140,DSA,51.3
S0141,Cloud Computing,41.6
S0141,DBMS,24.2
S0141,DSA,40.0
S0142,DBMS,43.3
S0142,Cloud Computing,64.0
S0142,DSA,46.2
S0142,Operating Systems,37.8
S0142,Networks,51.5
S0143,DBMS,66.3
S0143,Cloud Computing,48.2
S0143,Operating Systems,49.8
S0143,Networks,49.9
S0144,DBMS,61.2
S0144,DSA,43.2
S0144,Networks,68.1
S0144,Operating Systems,63.6
S0145,DBMS,68.2
S0145,Networks,38.8
S0145,DSA,27.8
S0146,DBMS,53.0
S0146,Cloud Computing,33.3
S0146,Networks,41.3
S0146,Operating Systems,23.2
S0146,DSA,62.8
S0147,Cloud Computing,48.2
S0147,Networks,37.1
S0147,Operating Systems,42.5
S0147,DSA,55.4
S0147,DBMS,40.7
S0148,Cloud Computing,56.2
S0148,DSA,58.5
S0148,DBMS,50.8
S0148,Networks,66.6
S0148,Operating Systems,53.2
S0149,Cloud Computing,40.2
S0149,DSA,40.2
S0149,Networks,42.5
S0149,Operating Systems,50.0
S0149,DBMS,40.3
S0150,Operating Systems,62.1
S0150,DSA,53.0
S0150,Cloud Computing,47.2
S0150,Networks,39.8
S0150,DBMS,26.7
S0151,Cloud Computing,62.2
S0151,Operating Systems,53.5
S0151,Networks,29.8
S0152,Cloud Computing,76.8
S0152,DSA,49.8
S0152,Operating Systems,54.7
S0152,Networks,41.7
S0152,DBMS,45.3
S0153,DSA,36.5
S0153,Networks,48.6
S0153,Operating Systems,27.6
S0154,Cloud Computing,51.0
S0154,DBMS,42.3
S0154,DSA,60.6
S0155,DSA,30.5
S0155,Cloud Computing,40.9
S0155,DBMS,42.4
S0155,Networks,54.2
S0155,Operating Systems,48.9
S0156,Operating Systems,56.7
S0156,DBMS,34.8
S0156,Cloud Computing,67.7
S0156,DSA,40.3
S0157,Networks,39.3
S0157,Operating Systems,46.0
S0157,DSA,45.4
S0157,DBMS,30.2
S0158,DBMS,37.4
S0158,Operating Systems,22.8
S0158,Networks,43.1
S0158,Cloud Computing,17.8
S0158,DSA,51.1
S0159,Networks,45.8
S0159,DBMS,54.0
S0159,DSA,47.1
S0159,Operating Systems,52.0
S0159,Cloud Computing,51.3
S0160,Networks,52.4
S0160,Cloud Computing,37.5
S0160,Operating Systems,59.8
S0161,DBMS,46.6
S0161,Cloud Computing,73.1
S0161,Networks,37.1
S0161,DSA,45.9
S0162,Operating Systems,35.1
S0162,Networks,38.4
S0162,Cloud Computing,22.0
S0162,DSA,36.5
S0162,DBMS,31.4
S0163,Cloud Computing,33.9
S0163,Networks,53.4
S0163,DBMS,62.4
S0163,DSA,61.0
S0164,DSA,51.1
S0164,DBMS,38.0
S0164,Networks,46.5
S0164,Operating Systems,53.6
S0164,Cloud Computing,56.3
S0165,Networks,35.0
S0165,Operating Systems,55.7
S0165,DSA,39.7
S0165,DBMS,43.7
S0165,Cloud Computing,58.5
S0166,Networks,36.2
S0166,DSA,43.0
S0166,Operating Systems,41.9
S0166,Cloud Computing,59.8
S0167,Operating Systems,38.1
S0167,Cloud Computing,62.2
S0167,DBMS,42.3
S0167,Networks,61.0
S0167,DSA,41.3
S0168,Cloud Computing,53.4
S0168,Operating Systems,44.1
S0168,Networks,49.7
S0168,DSA,62.9
S0169,Operating Systems,57.6
S0169,Cloud Computing,52.2
S0169,DSA,49.1
S0170,Operating Systems,28.9
S0170,DBMS,46.8
S0170,DSA,45.3
S0170,Cloud Computing,37.6
S0170,Networks,55.3
S0171,Networks,61.1
S0171,DBMS,61.8
S0171,Operating Systems,41.7
S0171,DSA,30.8
S0172,Networks,60.1
S0172,DSA,70.1
S0172,Operating Systems,57.6
S0172,DBMS,44.9
S0173,DSA,51.6
S0173,Networks,56.9
S0173,Operating Systems,46.6
S0173,Cloud Computing,38.5
S0173,DBMS,47.5
S0174,Networks,52.3
S0174,Operating Systems,37.7
S0174,DSA,18.7
S0174,DBMS,26.2
S0175,DBMS,39.3
S0175,Cloud Computing,55.8
S0175,DSA,37.7
S0175,Operating Systems,42.4
S0176,DBMS,38.1
S0176,Cloud Computing,48.2
S0176,DSA,43.3
S0176,Networks,45.9
S0177,Networks,49.6
S0177,DBMS,58.3
S0177,DSA,54.8
S0177,Operating Systems,54.7
S0177,Cloud Computing,31.9
S0178,Operating Systems,72.2
S0178,Networks,36.9
S0178,DSA,60.8
S0178,DBMS,44.7
S0179,DBMS,61.3
S0179,DSA,71.3
S0179,Operating Systems,47.2
S0179,Cloud Computing,42.9
S0180,Cloud Computing,35.9
S0180,DBMS,47.4
S0180,Networks,46.9
S0180,DSA,42.9
S0180,Operating Systems,64.9
S0181,DSA,65.4
S0181,Operating Systems,31.3
S0181,Networks,64.8
S0182,Cloud Computing,62.4
S0182,DSA,48.8
S0182,DBMS,45.4
S0182,Operating Systems,44.0
S0182,Networks,38.1
S0183,DBMS,39.5
S0183,Operating Systems,56.5
S0183,DSA,48.1
S0183,Networks,38.9
S0183,Cloud Computing,37.8
S0184,Networks,56.1
S0184,Operating Systems,50.0
S0184,DSA,65.5
S0184,Cloud Computing,54.5
S0184,DBMS,54.7
S0185,DSA,53.1
S0185,Operating Systems,57.1
S0185,Cloud Computing,49.9
S0186,DSA,53.6
S0186,Operating Systems,30.4
S0186,DBMS,40.3
S0186,Cloud Computing,56.9
S0186,Networks,29.4
S0187,Networks,58.5
S0187,Cloud Computing,62.0
S0187,DSA,65.8
S0187,Operating Systems,51.9
S0187,DBMS,40.2
S0188,Operating Systems,44.7
S0188,Cloud Computing,41.1
S0188,DSA,31.2
S0188,Networks,29.0
S0188,DBMS,54.7
S0189,Cloud Computing,52.3
S0189,DBMS,51.0
S0189,Operating Systems,48.4
S0189,DSA,50.6
S0189,Networks,40.7
S0190,Networks,56.1
S0190,Cloud Computing,59.5
S0190,DSA,38.4
S0191,Cloud Computing,51.7
S0191,DSA,73.3
S0191,Operating Systems,54.8
S0191,DBMS,68.0
S0191,Networks,39.1
S0192,Networks,59.4
S0192,DBMS,61.2
S0192,Cloud Computing,63.4
S0193,DBMS,69.0
S0193,DSA,30.0
S0193,Operating Systems,63.8
S0193,Networks,39.6
S0194,Cloud Computing,46.1
S0194,Operating Systems,30.2
S0194,DSA,36.1
S0195,DSA,39.2
S0195,DBMS,52.1
S0195,Operating Systems,41.8
S0195,Cloud Computing,36.0
S0195,Networks,53.7
S0196,Cloud Computing,43.9
S0196,Operating Systems,31.9
S0196,DSA,29.9
S0196,Networks,41.3
S0196,DBMS,56.4
S0197,DBMS,46.8
S0197,Networks,57.4
S0197,Cloud Computing,38.5
S0197,Operating Systems,42.3
S0198,DSA,68.7
S0198,DBMS,40.4
S0198,Networks,45.7
S0198,Operating Systems,59.6
S0198,Cloud Computing,57.0
S0199,Operating Systems,51.6
S0199,DSA,38.0
S0199,DBMS,35.1
S0199,Cloud Computing,33.5
S0199,Networks,40.3
S0200,Networks,59.6
S0200,Cloud Computing,36.1
S0200,DBMS,48.8
S0201,Cloud Computing,49.9
S0201,Networks,42.2
S0201,Operating Systems,48.2
S0201,DSA,31.5
S0202,Networks,71.0
S0202,DSA,58.5
S0202,Operating Systems,61.7
S0203,DSA,48.3
S0203,Operating Systems,37.3
S0203,Cloud Computing,46.6
S0204,Operating Systems,49.5
S0204,Cloud Computing,31.8
S0204,DBMS,45.5
S0205,DBMS,45.0
S0205,Networks,45.0
S0205,Operating Systems,55.6
S0205,Cloud Computing,31.8
S0205,DSA,50.0
S0206,Cloud Computing,38.3
S0206,DBMS,51.0
S0206,Operating Systems,36.8
S0206,Networks,45.6
S0207,Operating Systems,19.1
S0207,Networks,41.0
S0207,DBMS,23.4
S0207,Cloud Computing,55.7
S0208,DSA,49.7
S0208,Networks,41.9
S0208,Operating Systems,49.7
S0208,Cloud Computing,56.2
S0208,DBMS,45.9
S0209,DBMS,52.2
S0209,Operating Systems,52.1
S0209,Networks,55.3
S0209,DSA,52.6
S0210,Operating Systems,39.5
S0210,DBMS,58.6
S0210,Cloud Computing,46.0
S0211,DBMS,54.2
S0211,DSA,35.2
S0211,Operating Systems,40.0
S0212,Cloud Computing,55.7
S0212,Operating Systems,58.6
S0212,DSA,60.2
S0212,DBMS,53.9
S0213,Cloud Computing,38.0
S0213,DBMS,23.6
S0213,DSA,35.9
S0214,DBMS,51.4
S0214,Cloud Computing,48.5
S0214,Operating Systems,69.8
S0214,Networks,54.7
S0214,DSA,63.7
S0215,DSA,65.2
S0215,Cloud Computing,42.6
S0215,Operating Systems,63.5
S0215,DBMS,55.7
S0215,Networks,62.0
S0216,Networks,42.9
S0216,DSA,32.2
S0216,Cloud Computing,35.3
S0217,Cloud Computing,37.3
S0217,DBMS,41.5
S0217,Operating Systems,62.4
S0217,DSA,50.7
S0217,Networks,48.5
S0218,Networks,39.9
S0218,Cloud Computing,43.5
S0218,Operating Systems,22.5
S0219,Networks,54.4
S0219,Cloud Computing,41.5
S0219,Operating Systems,16.7
S0219,DBMS,56.7
S0219,DSA,45.4
S0220,Networks,51.9
S0220,Operating Systems,44.5
S0220,DBMS,62.6
S0220,Cloud Computing,45.9
S0221,DSA,47.0
S0221,Cloud Computing,62.0
S0221,DBMS,68.5
S0221,Operating Systems,39.4
S0222,Networks,61.3
S0222,Operating Systems,64.1
S0222,DBMS,57.4
S0222,Cloud Computing,42.5
S0222,DSA,33.4
S0223,DBMS,36.5
S0223,DSA,51.7
S0223,Networks,40.4
S0223,Operating Systems,59.1
S0223,Cloud Computing,45.6
S0224,Networks,56.7
S0224,DSA,46.9
S0224,Operating Systems,57.8
S0224,DBMS,48.8
S0225,Networks,46.5
S0225,Operating Systems,52.7
S0225,DBMS,41.8
S0225,DSA,32.7
S0226,Cloud Computing,41.9
S0226,DBMS,47.9
S0226,Operating Systems,46.1
S0226,Networks,51.9
S0226,DSA,56.1
S0227,Cloud Computing,54.0
S0227,DBMS,43.1
S0227,Operating Systems,46.5
S0227,Networks,29.3
S0227,DSA,37.0
S0228,Cloud Computing,65.5
S0228,Networks,47.2
S0228,DSA,54.1
S0228,DBMS,43.7
S0229,Cloud Computing,23.2
S0229,DBMS,55.9
S0229,DSA,60.3
S0229,Operating Systems,45.0
S0229,Networks,35.2
S0230,Networks,48.9
S0230,DBMS,56.9
S0230,DSA,72.2
S0230,Cloud Computing,38.1
S0230,Operating Systems,46.3
S0231,DSA,46.6
S0231,Operating Systems,53.0
S0231,DBMS,30.4
S0231,Cloud Computing,31.7
S0232,Networks,36.1
S0232,DSA,62.5
S0232,DBMS,43.2
S0232,Operating Systems,41.8
S0233,DSA,52.1
S0233,DBMS,53.5
S0233,Operating Systems,52.0
S0234,Cloud Computing,53.2
S0234,DSA,66.2
S0234,Operating Systems,49.4
S0234,DBMS,55.8
S0235,Operating Systems,47.4
S0235,Networks,40.8
S0235,DSA,44.7
S0235,Cloud Computing,56.6
S0236,DBMS,64.9
S0236,DSA,47.7
S0236,Networks,25.8
S0237,DBMS,59.2
S0237,DSA,64.4
S0237,Cloud Computing,39.1
S0237,Networks,70.1
S0238,DSA,34.6
S0238,Networks,51.7
S0238,Cloud Computing,60.2
S0238,DBMS,34.9
S0239,DBMS,38.8
S0239,Networks,38.7
S0239,DSA,40.4
S0239,Cloud Computing,50.9
S0239,Operating Systems,36.7
S0240,Cloud Computing,71.1
S0240,Networks,53.3
S0240,DSA,31.4
S0241,Cloud Computing,67.9
S0241,Operating Systems,67.0
S0241,DBMS,56.1
S0241,DSA,47.7
S0241,Networks,44.3
S0242,DSA,47.8
S0242,Operating Systems,45.2
S0242,Cloud Computing,63.5
S0242,Networks,28.5
S0242,DBMS,43.0
S0243,DBMS,56.2
S0243,Operating Systems,29.7
S0243,Cloud Computing,42.1
S0243,Networks,53.0
S0243,DSA,46.0
S0244,DSA,33.0
S0244,DBMS,57.4
S0244,Networks,35.3
S0244,Operating Systems,29.8
S0244,Cloud Computing,37.7
S0245,DSA,50.7
S0245,Networks,53.8
S0245,DBMS,71.8
S0245,Operating Systems,57.1
S0246,DSA,48.0
S0246,DBMS,46.6
S0246,Networks,38.3
S0247,DBMS,46.0
S0247,Operating Systems,68.7
S0247,Cloud Computing,57.3
S0247,DSA,46.5
S0247,Networks,52.4
S0248,DSA,47.3
S0248,Networks,55.3
S0248,Operating Systems,33.7
S0248,Cloud Computing,59.7
S0249,Cloud Computing,34.7
S0249,Operating Systems,37.9
S0249,DSA,43.1
S0249,DBMS,51.2
S0250,Cloud Computing,65.5
S0250,Operating Systems,71.6
S0250,Networks,44.2
S0250,DBMS,55.4
S0251,Networks,57.6
S0251,DBMS,52.5
S0251,Operating Systems,59.7
S0251,DSA,66.1
S0251,Cloud Computing,49.6
S0252,Operating Systems,34.7
S0252,DBMS,39.7
S0252,Cloud Computing,34.2
S0252,Networks,50.9
S0253,DBMS,29.5
S0253,DSA,38.9
S0253,Cloud Computing,40.7
S0254,Operating Systems,49.6
S0254,DSA,42.0
S0254,DBMS,32.3
S0254,Networks,58.4
S0254,Cloud Computing,56.3
S0255,Cloud Computing,32.4
S0255,DBMS,62.6
S0255,Networks,45.8
S0255,Operating Systems,29.6
S0255,DSA,54.5
S0256,Cloud Computing,49.5
S0256,Networks,58.3
S0256,DBMS,39.9
S0256,Operating Systems,37.8
S0256,DSA,39.1
S0257,DBMS,23.3
S0257,Networks,37.8
S0257,DSA,56.4
S0257,Cloud Computing,53.7
S0257,Operating Systems,40.9
S0258,DSA,51.1
S0258,Operating Systems,51.3
S0258,Cloud Computing,49.3
S0258,Networks,48.2
S0258,DBMS,51.4
S0259,DSA,56.5
S0259,Operating Systems,45.6
S0259,Networks,43.5
S0259,Cloud Computing,40.1
S0260,Cloud Computing,36.1
S0260,Networks,39.5
S0260,DSA,18.5
S0260,Operating Systems,55.5
S0261,DSA,40.2
S0261,Cloud Computing,46.7
S0261,DBMS,38.9
S0261,Networks,28.0
S0262,Operating Systems,55.4
S0262,Networks,36.6
S0262,Cloud Computing,30.0
S0262,DSA,48.4
S0262,DBMS,45.5
S0263,DSA,35.9
S0263,Networks,29.8
S0263,Operating Systems,33.6
S0263,DBMS,32.3
S0263,Cloud Computing,44.4
S0264,DSA,20.8
S0264,Operating Systems,23.8
S0264,Cloud Computing,41.8
S0264,DBMS,31.1
S0265,DSA,45.0
S0265,Networks,45.4
S0265,Cloud Computing,30.9
S0266,Cloud Computing,43.6
S0266,Operating Systems,42.6
S0266,Networks,57.0
S0267,Operating Systems,60.6
S0267,Cloud Computing,66.8
S0267,DBMS,33.0
S0267,Networks,57.9
S0268,Networks,37.5
S0268,Operating Systems,57.9
S0268,Cloud Computing,56.8
S0269,Cloud Computing,61.3
S0269,DBMS,51.7
S0269,Operating Systems,60.1
S0270,DBMS,51.9
S0270,Operating Systems,44.4
S0270,DSA,64.1
S0271,Operating Systems,50.3
S0271,DSA,29.1
S0271,DBMS,63.0
S0271,Cloud Computing,47.3
S0272,Operating Systems,65.5
S0272,DSA,64.3
S0272,Cloud Computing,43.9
S0272,DBMS,39.3
S0273,Operating Systems,56.8
S0273,DSA,51.8
S0273,Cloud Computing,47.0
S0273,Networks,73.3
S0273,DBMS,56.7
S0274,Operating Systems,29.1
S0274,DBMS,25.7
S0274,Networks,43.2
S0274,Cloud Computing,55.7
S0274,DSA,63.1
S0275,Cloud Computing,39.7
S0275,Networks,44.2
S0275,DBMS,72.3
S0275,Operating Systems,60.9
S0275,DSA,59.7
S0276,DBMS,44.1
S0276,Cloud Computing,35.9
S0276,DSA,61.7
S0276,Networks,47.6
S0277,Networks,44.1
S0277,DSA,44.0
S0277,Operating Systems,49.6
S0277,DBMS,60.4
S0278,Networks,37.4
S0278,DBMS,48.7
S0278,Cloud Computing,39.8
S0278,DSA,37.5
S0279,Networks,49.2
S0279,Operating Systems,42.3
S0279,DSA,49.2
S0279,Cloud Computing,41.0
S0279,DBMS,29.9
S0280,Operating Systems,40.2
S0280,DBMS,32.3
S0280,DSA,41.1
S0280,Networks,24.0
S0280,Cloud Computing,37.8
S0281,Cloud Computing,62.6
S0281,DBMS,41.1
S0281,Networks,49.8
S0282,Cloud Computing,47.5
S0282,Operating Systems,51.0
S0282,DSA,50.1
S0283,DSA,54.7
S0283,DBMS,27.6
S0283,Networks,63.6
S0284,Operating Systems,58.3
S0284,Cloud Computing,73.1
S0284,DBMS,54.6
S0284,Networks,53.3
S0284,DSA,62.7
S0285,DSA,36.3
S0285,Cloud Computing,42.9
S0285,Networks,51.9
S0285,Operating Systems,37.7
S0285,DBMS,43.4
S0286,DBMS,56.7
S0286,Networks,71.7
S0286,DSA,56.3
S0286,Cloud Computing,56.3
S0287,Cloud Computing,65.5
S0287,DSA,42.0
S0287,Operating Systems,42.6
S0287,DBMS,50.0
S0287,Networks,48.1
S0288,Networks,53.7
S0288,Operating Systems,41.0
S0288,DBMS,62.8
S0289,Operating Systems,54.6
S0289,Networks,53.3
S0289,DSA,43.0
S0289,DBMS,59.6
S0290,DSA,25.3
S0290,Networks,31.3
S0290,DBMS,43.6
S0290,Operating Systems,29.3
S0290,Cloud Computing,37.8
S0291,Cloud Computing,52.5
S0291,DSA,21.1
S0291,Networks,51.0
S0291,Operating Systems,46.2
S0292,Networks,49.6
S0292,DBMS,39.6
S0292,Cloud Computing,43.8
S0292,DSA,63.9
S0293,DBMS,36.4
S0293,DSA,48.0
S0293,Networks,65.5
S0294,Cloud Computing,55.4
S0294,DSA,50.5
S0294,DBMS,47.2
S0294,Networks,59.5
S0294,Operating Systems,47.7
S0295,Cloud Computing,58.6
S0295,Operating Systems,38.9
S0295,Networks,56.2
S0295,DSA,41.7
S0296,DBMS,61.7
S0296,Cloud Computing,50.3
S0296,DSA,47.9
S0297,DSA,50.0
S0297,DBMS,41.6
S0297,Operating Systems,32.9
S0298,Operating Systems,49.9
S0298,Networks,60.3
S0298,DSA,40.2
S0298,Cloud Computing,47.1
S0298,DBMS,51.0
S0299,Cloud Computing,56.3
S0299,Operating Systems,64.5
S0299,DBMS,44.0
S0299,Networks,44.3
S0299,DSA,57.8
S0300,Operating Systems,41.4
S0300,DBMS,42.3
S0300,DSA,47.2
S0300,Cloud Computing,54.2
S0301,Cloud Computing,47.4
S0301,Networks,41.5
S0301,DSA,46.8
S0301,DBMS,55.3
S0301,Operating Systems,59.1
S0302,DSA,40.9
S0302,Operating Systems,34.9
S0302,Networks,62.3
S0303,DSA,64.2
S0303,DBMS,39.6
S0303,Networks,36.0
S0304,DBMS,48.4
S0304,DSA,53.2
S0304,Cloud Computing,49.3
S0304,Networks,60.9
S0304,Operating Systems,45.2
S0305,Networks,50.2
S0305,DSA,49.4
S0305,Operating Systems,41.4
S0305,DBMS,58.9
S0305,Cloud Computing,45.4
S0306,DBMS,61.9
S0306,Cloud Computing,56.3
S0306,Networks,36.3
S0306,Operating Systems,57.4
S0307,Cloud Computing,48.5
S0307,Operating Systems,66.5
S0307,DSA,59.5
S0308,Cloud Computing,40.6
S0308,DSA,63.6
S0308,Operating Systems,43.9
S0309,Cloud Computing,36.2
S0309,DSA,64.0
S0309,DBMS,47.0
S0309,Networks,51.4
S0309,Operating Systems,27.4
S0310,DSA,17.1
S0310,Networks,42.4
S0310,DBMS,33.4
S0310,Operating Systems,31.7
S0310,Cloud Computing,60.0
S0311,DSA,63.5
S0311,Cloud Computing,60.0
S0311,Networks,31.3
S0311,DBMS,51.6
S0311,Operating Systems,43.9
S0312,DSA,41.3
S0312,Operating Systems,59.9
S0312,Networks,53.8
S0313,Networks,41.8
S0313,DBMS,38.4
S0313,Operating Systems,46.5
S0313,Cloud Computing,42.4
S0313,DSA,31.5
S0314,DBMS,48.7
S0314,Networks,64.9
S0314,Cloud Computing,58.6
S0314,Operating Systems,54.8
S0314,DSA,52.2
S0315,DSA,54.1
S0315,Cloud Computing,59.6
S0315,Networks,43.5
S0316,Cloud Computing,69.6
S0316,DSA,46.1
S0316,DBMS,58.8
S0317,DSA,34.0
S0317,DBMS,51.5
S0317,Cloud Computing,46.7
S0317,Networks,37.0
S0317,Operating Systems,45.5
S0318,Networks,44.0
S0318,DBMS,34.9
S0318,Cloud Computing,44.0
S0319,DBMS,27.7
S0319,Operating Systems,34.6
S0319,DSA,36.9
S0319,Networks,26.9
S0320,Cloud Computing,61.5
S0320,Operating Systems,63.2
S0320,Networks,37.8
S0321,DBMS,64.4
S0321,Networks,52.0
S0321,Cloud Computing,47.4
S0321,DSA,51.2
S0321,Operating Systems,44.8
S0322,Cloud Computing,43.2
S0322,Operating Systems,62.3
S0322,DSA,47.9
S0322,DBMS,47.0
S0323,Cloud Computing,63.1
S0323,Networks,43.0
S0323,DBMS,51.4
S0323,DSA,70.9
S0323,Operating Systems,32.4
S0324,Networks,43.3
S0324,Cloud Computing,57.9
S0324,Operating Systems,53.1
S0324,DBMS,38.8
S0325,Operating Systems,70.1
S0325,DSA,60.5
S0325,Networks,69.2
S0326,Operating Systems,34.0
S0326,Cloud Computing,46.3
S0326,DSA,57.5
S0326,Networks,45.2
S0327,Operating Systems,43.7
S0327,DSA,56.1
S0327,DBMS,59.8
S0327,Cloud Computing,44.6
S0328,Cloud Computing,58.9
S0328,DSA,40.1
S0328,DBMS,39.6
S0328,Networks,51.4
S0329,Cloud Computing,42.5
S0329,Operating Systems,42.6
S0329,DSA,53.7
S0329,Networks,60.3
S0330,DBMS,52.9
S0330,Networks,49.6
S0330,Cloud Computing,63.0
S0330,DSA,53.6
S0330,Operating Systems,58.4
S0331,DBMS,42.4
S0331,Networks,31.9
S0331,Cloud Computing,38.1
S0332,Networks,37.7
S0332,Cloud Computing,47.8
S0332,DSA,44.8
S0332,DBMS,43.1
S0333,Networks,60.5
S0333,Cloud Computing,41.3
S0333,Operating Systems,51.1
S0334,Cloud Computing,29.3
S0334,DBMS,41.9
S0334,Networks,34.5
S0335,Networks,59.5
S0335,DSA,27.3
S0335,DBMS,42.3
S0336,DBMS,53.1
S0336,DSA,54.4
S0336,Operating Systems,50.6
S0337,DBMS,39.3
S0337,Operating Systems,47.8
S0337,DSA,49.9
S0337,Networks,50.2
S0337,Cloud Computing,37.7
S0338,Networks,26.6
S0338,Cloud Computing,44.1
S0338,DBMS,32.2
S0338,DSA,39.4
S0339,DBMS,57.5
S0339,Networks,75.6
S0339,DSA,56.4
S0339,Cloud Computing,41.1
S0339,Operating Systems,62.1
S0340,DSA,47.0
S0340,Operating Systems,68.9
S0340,Networks,42.4
S0340,DBMS,34.1
S0340,Cloud Computing,48.0
S0341,Operating Systems,66.7
S0341,Networks,23.2
S0341,Cloud Computing,27.3
S0341,DSA,50.2
S0341,DBMS,34.0
S0342,Networks,19.1
S0342,Operating Systems,32.4
S0342,DBMS,45.9
S0343,Cloud Computing,48.5
S0343,DBMS,63.5
S0343,DSA,49.3
S0344,Networks,38.8
S0344,DSA,49.6
S0344,Cloud Computing,46.3
S0344,Operating Systems,24.2
S0344,DBMS,33.0
S0345,DSA,44.6
S0345,Operating Systems,40.2
S0345,DBMS,44.1
S0345,Cloud Computing,54.1
S0346,DSA,59.6
S0346,Operating Systems,62.9
S0346,DBMS,59.3
S0346,Cloud Computing,37.8
S0346,Networks,59.9
S0347,DSA,60.2
S0347,Cloud Computing,44.9
S0347,Operating Systems,45.9
S0347,DBMS,50.2
S0348,Networks,55.1
S0348,Operating Systems,64.6
S0348,Cloud Computing,60.0
S0349,DSA,52.5
S0349,Cloud Computing,44.8
S0349,DBMS,51.4
S0349,Networks,69.8
S0349,Operating Systems,44.0
S0350,DBMS,57.7
S0350,Cloud Computing,63.9
S0350,Networks,47.9
S0350,Operating Systems,29.9
S0351,Networks,65.4
S0351,DBMS,56.9
S0351,Cloud Computing,50.8
S0351,Operating Systems,58.4
S0352,Cloud Computing,64.8
S0352,DBMS,57.3
S0352,Networks,64.4
S0353,Cloud Computing,47.7
S0353,Networks,65.5
S0353,DBMS,38.6
S0353,Operating Systems,60.2
S0353,DSA,59.4
S0354,Networks,64.0
S0354,DSA,45.6
S0354,Operating Systems,41.1
S0355,Networks,34.3
S0355,DSA,29.9
S0355,DBMS,27.8
S0355,Cloud Computing,58.6
S0356,Networks,42.0
S0356,Cloud Computing,65.1
S0356,Operating Systems,57.9
S0356,DBMS,50.5
S0356,DSA,38.2
S0357,Networks,28.0
S0357,DSA,26.1
S0357,Operating Systems,59.1
S0357,DBMS,28.0
S0358,Cloud Computing,45.5
S0358,Networks,58.1
S0358,DBMS,58.0
S0358,DSA,66.2
S0359,Operating Systems,48.8
S0359,DSA,47.4
S0359,DBMS,43.6
S0359,Networks,62.0
S0359,Cloud Computing,50.2
S0360,Networks,36.2
S0360,DBMS,44.9
S0360,Cloud Computing,54.1
S0360,Operating Systems,58.1
S0361,DBMS,56.6
S0361,Networks,39.2
S0361,Cloud Computing,47.7
S0361,Operating Systems,46.6
S0362,Operating Systems,52.5
S0362,Networks,49.0
S0362,Cloud Computing,52.1
S0362,DSA,42.7
S0363,Networks,48.2
S0363,DBMS,56.8
S0363,DSA,37.3
S0363,Cloud Computing,52.2
S0364,DSA,50.9
S0364,Operating Systems,40.7
S0364,DBMS,40.9
S0365,Operating Systems,39.5
S0365,Networks,53.6
S0365,Cloud Computing,46.2
S0366,Networks,28.6
S0366,DSA,43.6
S0366,Operating Systems,45.9
S0366,Cloud Computing,44.9
S0367,Cloud Computing,58.4
S0367,Operating Systems,38.1
S0367,DBMS,65.9
S0367,Networks,32.6
S0368,Networks,45.1
S0368,Operating Systems,49.7
S0368,DBMS,30.9
S0369,Networks,45.3
S0369,Cloud Computing,39.7
S0369,Operating Systems,35.0
S0370,Networks,42.4
S0370,Operating Systems,57.0
S0370,Cloud Computing,53.0
S0370,DSA,62.9
S0370,DBMS,64.1
S0371,DSA,51.0
S0371,Cloud Computing,51.3
S0371,Networks,23.7
S0371,Operating Systems,53.7
S0371,DBMS,58.5
S0372,Networks,55.8
S0372,DSA,56.0
S0372,Cloud Computing,36.1
S0373,Networks,40.1
S0373,Operating Systems,40.9
S0373,DSA,33.8
S0373,DBMS,32.3
S0373,Cloud Computing,30.7
S0374,Operating Systems,71.7
S0374,DSA,53.2
S0374,DBMS,36.4
S0374,Cloud Computing,33.0
S0374,Networks,27.9
S0375,Operating Systems,59.4
S0375,Networks,53.3
S0375,Cloud Computing,54.4
S0375,DSA,64.3
S0375,DBMS,58.3
S0376,Networks,51.1
S0376,DBMS,48.5
S0376,Operating Systems,45.8
S0376,DSA,40.0
S0377,Cloud Computing,47.6
S0377,Operating Systems,51.1
S0377,DSA,46.4
S0377,Networks,69.7
S0377,DBMS,51.7
S0378,DSA,41.8
S0378,Cloud Computing,60.1
S0378,Networks,73.9
S0378,DBMS,73.9
S0378,Operating Systems,61.8
S0379,Networks,44.7
S0379,Cloud Computing,55.7
S0379,DSA,56.7
S0379,Operating Systems,56.9
S0380,Networks,50.5
S0380,DSA,28.2
S0380,Operating Systems,48.4
S0380,Cloud Computing,63.7
S0380,DBMS,51.5
S0381,Operating Systems,28.4
S0381,DSA,44.4
S0381,DBMS,41.5
S0381,Networks,33.5
S0382,DSA,55.0
S0382,Cloud Computing,57.4
S0382,Networks,47.2
S0382,DBMS,60.0
S0382,Operating Systems,33.9
S0383,Cloud Computing,58.1
S0383,DBMS,40.4
S0383,DSA,34.6
S0383,Networks,40.5
S0384,Cloud Computing,64.4
S0384,Networks,57.0
S0384,DSA,54.4
S0384,Operating Systems,46.5
S0385,DSA,31.2
S0385,DBMS,41.8
S0385,Operating Systems,22.6
S0386,DBMS,48.9
S0386,Networks,39.2
S0386,Operating Systems,38.4
S0387,Operating Systems,45.7
S0387,DBMS,49.4
S0387,Cloud Computing,28.9
S0387,Networks,31.3
S0387,DSA,39.2
S0388,Operating Systems,48.0
S0388,DBMS,37.1
S0388,Networks,60.9
S0388,DSA,27.5
S0389,Operating Systems,34.2
S0389,DSA,48.9
S0389,Networks,44.2
S0389,Cloud Computing,59.2
S0390,DSA,49.6
S0390,Networks,58.9
S0390,DBMS,55.7
S0390,Operating Systems,61.6
S0390,Cloud Computing,49.1
S0391,Networks,39.1
S0391,DBMS,23.0
S0391,DSA,22.6
S0391,Operating Systems,28.5
S0391,Cloud Computing,42.0
S0392,Cloud Computing,34.8
S0392,Operating Systems,23.6
S0392,DBMS,45.2
S0392,Networks,25.5
S0392,DSA,44.5
S0393,Networks,54.6
S0393,Cloud Computing,22.3
S0393,DSA,39.7
S0394,Networks,40.4
S0394,DBMS,46.7
S0394,Cloud Computing,63.6
S0394,DSA,51.3
S0395,Operating Systems,55.5
S0395,DSA,40.7
S0395,DBMS,30.9
S0395,Cloud Computing,44.1
S0396,DSA,47.3
S0396,Networks,48.6
S0396,Cloud Computing,64.4
S0397,Operating Systems,33.7
S0397,DBMS,53.3
S0397,DSA,36.8
S0397,Networks,49.2
S0397,Cloud Computing,59.8
S0398,DSA,51.1
S0398,Cloud Computing,41.9
S0398,Operating Systems,47.8
S0398,Networks,62.8
S0398,DBMS,37.8
S0399,Cloud Computing,31.4
S0399,Networks,37.9
S0399,DSA,39.7
S0399,DBMS,19.8
S0399,Operating Systems,48.5
S0400,Operating Systems,44.4
S0400,Networks,20.4
S0400,DBMS,60.8
S0400,Cloud Computing,53.3
S0401,Cloud Computing,42.7
S0401,DSA,48.9
S0401,DBMS,63.2
S0401,Operating Systems,31.0
S0402,DSA,39.5
S0402,Cloud Computing,31.6
S0402,DBMS,46.5
S0402,Networks,40.1
S0402,Operating Systems,55.1
S0403,DSA,68.8
S0403,Operating Systems,54.2
S0403,Cloud Computing,46.2
S0404,DBMS,78.7
S0404,Cloud Computing,48.1
S0404,DSA,52.8
S0405,DSA,33.8
S0405,Operating Systems,35.3
S0405,Networks,60.7
S0405,DBMS,34.3
S0405,Cloud Computing,39.1
S0406,Networks,70.5
S0406,Operating Systems,37.0
S0406,DSA,43.5
S0406,Cloud Computing,59.4
S0406,DBMS,54.5
S0407,Cloud Computing,39.9
S0407,DBMS,33.1
S0407,DSA,44.8
S0407,Networks,59.1
S0407,Operating Systems,49.1
S0408,Networks,37.9
S0408,Cloud Computing,53.5
S0408,Operating Systems,54.0
S0409,DBMS,49.6
S0409,Operating Systems,60.2
S0409,Networks,44.9
S0410,Cloud Computing,42.4
S0410,DBMS,37.0
S0410,Operating Systems,30.0
S0410,Networks,21.8
S0411,Operating Systems,44.7
S0411,DBMS,37.5
S0411,DSA,40.6
S0412,Cloud Computing,30.1
S0412,DBMS,50.3
S0412,Networks,28.5
S0412,Operating Systems,40.6
S0412,DSA,36.2
S0413,Networks,45.8
S0413,DSA,58.5
S0413,DBMS,55.3
S0413,Operating Systems,52.4
S0413,Cloud Computing,70.9
S0414,Cloud Computing,61.3
S0414,DBMS,66.4
S0414,DSA,53.7
S0414,Operating Systems,35.3
S0414,Networks,50.0
S0415,Networks,50.2
S0415,Cloud Computing,61.7
S0415,DSA,55.0
S0416,Operating Systems,38.2
S0416,DBMS,41.9
S0416,Networks,43.7
S0417,Operating Systems,37.4
S0417,DBMS,50.5
S0417,Cloud Computing,45.4
S0417,DSA,46.9
S0418,Operating Systems,41.9
S0418,Cloud Computing,33.9
S0418,Networks,53.2
S0418,DSA,37.3
S0418,DBMS,45.0
S0419,Networks,58.8
S0419,DSA,65.3
S0419,DBMS,43.6
S0419,Cloud Computing,38.3
S0420,Cloud Computing,39.9
S0420,DBMS,33.0
S0420,DSA,55.5
S0421,Operating Systems,52.8
S0421,Networks,27.9
S0421,Cloud Computing,55.0
S0422,DBMS,47.1
S0422,Operating Systems,38.7
S0422,Networks,44.3
S0422,Cloud Computing,41.5
S0423,DBMS,37.4
S0423,Cloud Computing,30.4
S0423,DSA,42.8
S0423,Operating Systems,41.5
S0424,DBMS,53.0
S0424,DSA,47.9
S0424,Operating Systems,47.2
S0424,Cloud Computing,33.8
S0425,DBMS,50.4
S0425,Cloud Computing,58.7
S0425,Networks,41.6
S0425,DSA,54.6
S0425,Operating Systems,54.8
S0426,DBMS,53.3
S0426,DSA,64.6
S0426,Networks,53.7
S0427,Networks,63.3
S0427,Cloud Computing,25.4
S0427,DBMS,42.5
S0428,Cloud Computing,61.5
S0428,Operating Systems,57.5
S0428,DSA,38.0
S0428,DBMS,51.8
S0428,Networks,37.2
S0429,Operating Systems,48.3
S0429,DBMS,44.4
S0429,Cloud Computing,76.0
S0430,Operating Systems,54.7
S0430,DSA,60.6
S0430,Cloud Computing,56.1
S0431,Operating Systems,50.9
S0431,Networks,36.0
S0431,Cloud Computing,47.2
S0432,Operating Systems,38.8
S0432,Cloud Computing,47.2
S0432,DSA,42.7
S0432,Networks,36.1
S0433,Networks,54.8
S0433,DBMS,47.0
S0433,DSA,67.4
S0433,Cloud Computing,51.9
S0434,DSA,52.0
S0434,Cloud Computing,35.0
S0434,Operating Systems,49.2
S0434,DBMS,56.9
S0434,Networks,58.6
S0435,DBMS,51.9
S0435,Networks,54.7
S0435,Operating Systems,55.2
S0435,Cloud Computing,60.1
S0435,DSA,53.6
S0436,DBMS,40.4
S0436,DSA,30.7
S0436,Networks,42.6
S0436,Operating Systems,46.5
S0436,Cloud Computing,47.5
S0437,Operating Systems,40.9
S0437,DSA,46.9
S0437,DBMS,54.4
S0438,DBMS,40.3
S0438,Operating Systems,68.9
S0438,Cloud Computing,49.2
S0439,Cloud Computing,33.9
S0439,DBMS,35.6
S0439,Operating Systems,35.8
S0440,Networks,45.5
S0440,Cloud Computing,52.8
S0440,DBMS,63.4
S0441,DSA,44.8
S0441,Operating Systems,34.6
S0441,DBMS,63.1
S0441,Cloud Computing,42.8
S0442,DSA,48.6
S0442,Operating Systems,53.5
S0442,Networks,49.7
S0442,DBMS,50.2
S0442,Cloud Computing,47.9
S0443,DBMS,56.3
S0443,DSA,75.6
S0443,Cloud Computing,64.7
S0443,Networks,39.4
S0443,Operating Systems,52.7
S0444,DBMS,43.1
S0444,Networks,42.8
S0444,DSA,58.9
S0444,Operating Systems,67.1
S0445,DBMS,26.7
S0445,Networks,39.4
S0445,Cloud Computing,32.1
S0446,DSA,54.8
S0446,DBMS,70.0
S0446,Cloud Computing,38.8
S0446,Networks,48.9
S0447,Networks,55.0
S0447,DSA,37.4
S0447,Cloud Computing,39.9
S0448,Operating Systems,21.2
S0448,DSA,50.8
S0448,Cloud Computing,63.3
S0449,DSA,58.3
S0449,Operating Systems,55.7
S0449,DBMS,64.3
S0449,Cloud Computing,44.7
S0450,Operating Systems,48.5
S0450,Cloud Computing,30.7
S0450,Networks,24.2
S0451,DBMS,27.0
S0451,Operating Systems,47.5
S0451,Networks,45.9
S0451,Cloud Computing,35.3
S0451,DSA,59.7
S0452,DBMS,49.4
S0452,Cloud Computing,62.2
S0452,Operating Systems,64.0
S0452,Networks,41.7
S0453,DSA,35.1
S0453,Cloud Computing,43.9
S0453,Networks,35.9
S0453,DBMS,34.7
S0454,DSA,45.9
S0454,Networks,49.9
S0454,DBMS,52.9
S0455,Operating Systems,36.4
S0455,Networks,51.8
S0455,DBMS,61.3
S0456,Operating Systems,33.4
S0456,DBMS,39.5
S0456,DSA,66.2
S0456,Cloud Computing,45.7
S0457,Cloud Computing,47.1
S0457,Operating Systems,64.1
S0457,Networks,47.2
S0457,DSA,50.9
S0458,Networks,38.1
S0458,DBMS,43.8
S0458,Cloud Computing,54.2
S0458,DSA,38.5
S0458,Operating Systems,46.3
S0459,Networks,48.5
S0459,Operating Systems,28.6
S0459,Cloud Computing,34.1
S0459,DSA,43.5
S0460,Operating Systems,36.5
S0460,Cloud Computing,60.7
S0460,DSA,50.4
S0460,DBMS,27.4
S0460,Networks,54.3
S0461,Cloud Computing,54.5
S0461,DSA,64.9
S0461,Operating Systems,56.2
S0461,DBMS,52.2
S0462,Cloud Computing,43.1
S0462,DSA,37.4
S0462,Operating Systems,48.8
S0462,Networks,66.5
S0462,DBMS,41.9
S0463,Cloud Computing,53.2
S0463,DSA,69.8
S0463,DBMS,51.4
S0464,DSA,59.2
S0464,Cloud Computing,41.4
S0464,Networks,37.1
S0464,Operating Systems,58.7
S0465,DSA,54.5
S0465,Networks,54.6
S0465,Operating Systems,35.3
S0465,DBMS,51.4
S0465,Cloud Computing,59.5
S0466,DBMS,53.6
S0466,DSA,42.9
S0466,Networks,60.3
S0467,Cloud Computing,52.8
S0467,DBMS,63.3
S0467,Networks,61.8
S0468,Networks,33.4
S0468,Cloud Computing,34.2
S0468,DBMS,26.0
S0468,DSA,42.2
S0468,Operating Systems,51.7
S0469,Operating Systems,57.8
S0469,DSA,32.9
S0469,Cloud Computing,61.7
S0470,DBMS,36.7
S0470,Networks,32.4
S0470,DSA,32.7
S0471,Operating Systems,29.4
S0471,Cloud Computing,49.2
S0471,Networks,47.8
S0472,Cloud Computing,44.5
S0472,Networks,27.7
S0472,DSA,31.3
S0473,Cloud Computing,59.2
S0473,Networks,60.3
S0473,DBMS,66.8
S0473,Operating Systems,42.8
S0474,DBMS,28.1
S0474,DSA,53.5
S0474,Cloud Computing,58.9
S0475,DSA,39.5
S0475,Networks,55.4
S0475,Cloud Computing,32.5
S0475,Operating Systems,44.8
S0475,DBMS,43.8
S0476,DBMS,56.4
S0476,Cloud Computing,56.1
S0476,DSA,52.5
S0476,Operating Systems,40.5
S0477,Networks,45.7
S0477,DBMS,55.2
S0477,Operating Systems,33.1
S0477,Cloud Computing,35.4
S0477,DSA,32.7
S0478,Cloud Computing,50.1
S0478,Operating Systems,46.5
S0478,Networks,44.2
S0478,DSA,56.6
S0479,DSA,31.7
S0479,Operating Systems,33.7
S0479,Cloud Computing,41.6
S0480,Operating Systems,69.6
S0480,DBMS,47.1
S0480,DSA,60.6
S0480,Networks,62.5
S0480,Cloud Computing,58.2
S0481,DSA,50.1
S0481,DBMS,53.4
S0481,Cloud Computing,57.7
S0481,Operating Systems,40.0
S0481,Networks,50.0
S0482,Networks,40.1
S0482,Cloud Computing,34.5
S0482,DSA,34.6
S0482,Operating Systems,54.8
S0482,DBMS,41.2
S0483,Operating Systems,60.5
S0483,Networks,60.5
S0483,DBMS,55.1
S0484,Operating Systems,49.8
S0484,DSA,38.1
S0484,DBMS,48.3
S0484,Networks,36.8
S0484,Cloud Computing,49.2
S0485,DBMS,57.6
S0485,Cloud Computing,61.2
S0485,Operating Systems,50.7
S0486,DBMS,51.5
S0486,Operating Systems,35.3
S0486,DSA,49.8
S0487,Cloud Computing,42.3
S0487,Operating Systems,55.8
S0487,DBMS,51.2
S0488,Networks,66.8
S0488,DSA,30.8
S0488,Operating Systems,47.7
S0488,Cloud Computing,64.2
S0489,Operating Systems,53.4
S0489,DSA,35.8
S0489,DBMS,55.9
S0489,Networks,66.2
S0490,DBMS,49.7
S0490,Operating Systems,52.0
S0490,Networks,62.8
S0490,Cloud Computing,56.7
S0491,Networks,42.4
S0491,Operating Systems,39.4
S0491,DBMS,42.1
S0491,Cloud Computing,61.2
S0492,DSA,54.4
S0492,Networks,39.7
S0492,DBMS,48.4
S0492,Cloud Computing,61.6
S0492,Operating Systems,54.2
S0493,DSA,63.7
S0493,Operating Systems,39.5
S0493,Cloud Computing,25.2
S0493,DBMS,34.3
S0493,Networks,34.0
S0494,Networks,58.8
S0494,Cloud Computing,33.6
S0494,DSA,36.2
S0494,Operating Systems,47.6
S0495,Operating Systems,38.5
S0495,Networks,36.0
S0495,DSA,18.1
S0496,Networks,51.9
S0496,Cloud Computing,45.2
S0496,DBMS,36.1
S0496,DSA,49.8
S0497,DBMS,53.5
S0497,DSA,46.8
S0497,Networks,48.8
S0497,Operating Systems,50.4
S0497,Cloud Computing,61.7
S0498,Networks,42.5
S0498,DBMS,43.6
S0498,Operating Systems,51.2
S0499,Networks,50.5
S0499,Cloud Computing,25.3
S0499,DSA,35.0
S0500,Networks,30.5
S0500,Operating Systems,48.3
S0500,DBMS,43.4
